#chart: type=scatter, xy, title="Latency vs load", xlabel=requests/s, ylabel=ms
load,p50,p99
251,37.3,118.5
182,34.6,101.8
830,64.7,173.9
239,27.2,98.9
197,33.1,104.9
838,67.1,175.8
730,58.3,209.2
583,47.8,122.0
798,66.9,219.2
621,47.3,171.3
453,54.5,168.8
786,54.4,195.9
823,50.0,188.1
771,52.3,197.6
559,44.7,166.1
309,36.2,109.6
89,21.1,63.4
504,39.8,154.4
898,67.0,243.0
222,27.9,86.9
352,37.5,104.1
525,48.5,148.7
102,26.5,115.5
573,49.1,182.8
201,28.3,97.8
643,64.0,142.4
675,54.8,180.4
296,44.9,105.2
399,47.8,121.1
745,56.2,208.0
428,45.2,153.3
868,63.0,218.8
88,29.5,109.5
358,37.2,134.1
884,60.6,226.1
100,28.5,82.6
625,52.3,177.7
467,43.5,220.6
154,17.5,80.8
398,46.7,129.7
